sis_id,Q2,Q2F
18024893,3.0,"Q23: top_comedy & top_three_genres in 1920-1979
Q2a: 1.00 ()
Q2b: 1.00 ()
Q2c: 1.00 ()"
21025871,2.95,"Q23: top_comedy & top_three_genres in 1920-1979
Q2a: 0.95 ( -0.05 for 'gross_earning' dtype.)
Q2b: 1.00 ()
Q2c: 1.00 ()"
21021179,2.9,"Q21: top_action & top_three_genres in 2000-2022
Q2a: 0.90 ( -0.05 for 'year' dtype. -0.05 for 'gross_earning' dtype.)
Q2b: 1.00 ()
Q2c: 1.00 ()"
21031179,0.0,No submission
21031789,2.95,"Q22: top_adventure & top_three_genres in 1980-1999
Q2a: 0.95 ( -0.05 for 'gross_earning' dtype.)
Q2b: 1.00 ()
Q2c: 1.00 ()"
21031916,0.0,No submission
21031876,2.95,"Q23: top_comedy & top_three_genres in 1920-1979
Q2a: 0.95 ( -0.05 for 'gross_earning' dtype.)
Q2b: 1.00 ()
Q2c: 1.00 ()"
21031902,2.95,"Q21: top_action & top_three_genres in 2000-2022
Q2a: 0.95 ( -0.05 for 'gross_earning' dtype.)
Q2b: 1.00 ()
Q2c: 1.00 ()"
21032143,0.0,"Q23: top_comedy & top_three_genres in 1920-1979
Q2: 0 (code error)"
21019292,2.95,"Q21: top_action & top_three_genres in 2000-2022
Q2a: 0.95 ( -0.05 for 'gross_earning' dtype.)
Q2b: 1.00 ()
Q2c: 1.00 ()"
21031615,2.95,"Q23: top_comedy & top_three_genres in 1920-1979
Q2a: 0.95 ( -0.05 for 'gross_earning' dtype.)
Q2b: 1.00 ()
Q2c: 1.00 ()"
21059244,3.0,"Q22: top_adventure & top_three_genres in 1980-1999
Q2a: 1.00 ()
Q2b: 1.00 ()
Q2c: 1.00 ()"
21058783,2.9,"Q23: top_comedy & top_three_genres in 1920-1979
Q2a: 0.90 ( -0.05 for 'year' dtype. -0.05 for 'gross_earning' dtype.)
Q2b: 1.00 ()
Q2c: 1.00 ()"
21062579,2.95,"Q21: top_action & top_three_genres in 2000-2022
Q2a: 0.95 ( -0.05 for 'gross_earning' dtype.)
Q2b: 1.00 ()
Q2c: 1.00 ()"
21058337,2.9,"Q22: top_adventure & top_three_genres in 1980-1999
Q2a: 0.90 ( -0.05 for 'year' dtype. -0.05 for 'gross_earning' dtype.)
Q2b: 1.00 ()
Q2c: 1.00 ()"
21059393,2.33,"Q21: top_action & top_three_genres in 2000-2022
Q2a: 1.00 ()
Q2b: 1.00 ()
Q2c: 0.33 ( -0.67 partially correct DataFrame top_three_genres: it has 9 rows, should be 9 rows, 3 are correct)"
21060791,0.0,"Q22: top_adventure & top_three_genres in 1980-1999
Q2: 0 (code error)"
21061797,3.0,"Q23: top_comedy & top_three_genres in 1920-1979
Q2a: 1.00 ()
Q2b: 1.00 ()
Q2c: 1.00 ()"
21062529,2.95,"Q21: top_action & top_three_genres in 2000-2022
Q2a: 0.95 ( -0.05 for 'gross_earning' dtype.)
Q2b: 1.00 ()
Q2c: 1.00 ()"
21056345,2.95,"Q21: top_action & top_three_genres in 2000-2022
Q2a: 0.95 ( -0.05 for 'gross_earning' dtype.)
Q2b: 1.00 ()
Q2c: 1.00 ()"
21063938,0.0,"Q21: top_action & top_three_genres in 2000-2022
Q2: 0 (code error)"
21060840,2.95,"Q21: top_action & top_three_genres in 2000-2022
Q2a: 0.95 ( -0.05 for 'gross_earning' dtype.)
Q2b: 1.00 ()
Q2c: 1.00 ()"
21061615,2.95,"Q23: top_comedy & top_three_genres in 1920-1979
Q2a: 0.95 ( -0.05 for 'gross_earning' dtype.)
Q2b: 1.00 ()
Q2c: 1.00 ()"
21061898,3.0,"Q23: top_comedy & top_three_genres in 1920-1979
Q2a: 1.00 ()
Q2b: 1.00 ()
Q2c: 1.00 ()"
21031241,1.95,"Q22: top_adventure & top_three_genres in 1980-1999
Q2a: 0.95 ( -0.05 for 'gross_earning' dtype.)
Q2b: 0 (incompatible DataFrame top_adventure)
Q2c: 1.00 ()"
21062872,2.95,"Q23: top_comedy & top_three_genres in 1920-1979
Q2a: 0.95 ( -0.05 for 'gross_earning' dtype.)
Q2b: 1.00 ()
Q2c: 1.00 ()"
21065300,2.9,"Q21: top_action & top_three_genres in 2000-2022
Q2a: 0.90 ( -0.05 for 'year' dtype. -0.05 for 'gross_earning' dtype.)
Q2b: 1.00 ()
Q2c: 1.00 ()"
20068140,0.9,"Q22: top_adventure & top_three_genres in 1980-1999
Q2a: 0.90 ( -0.05 for 'year' dtype. -0.05 for 'gross_earning' dtype.)
Q2b: 0 (incompatible DataFrame top_adventure)
Q2c: 0.00 (incorrect DataFrame top_three_genres 1980-1999. Your answer is for 1920-1979)"
21064725,0.0,"Q22: top_adventure & top_three_genres in 1980-1999
Q2: 0 (code error)"
21066861,2.9,"Q22: top_adventure & top_three_genres in 1980-1999
Q2a: 0.90 ( -0.05 for 'year' dtype. -0.05 for 'gross_earning' dtype.)
Q2b: 1.00 ()
Q2c: 1.00 ()"
21032279,0.0,"Q21: top_action & top_three_genres in 2000-2022
Q2: 0 (code error)"
21064090,2.95,"Q23: top_comedy & top_three_genres in 1920-1979
Q2a: 0.95 ( -0.05 for 'gross_earning' dtype.)
Q2b: 1.00 ()
Q2c: 1.00 ()"
21061496,2.9,"Q23: top_comedy & top_three_genres in 1920-1979
Q2a: 0.90 ( -0.05 for 'year' dtype. -0.05 for 'gross_earning' dtype.)
Q2b: 1.00 ()
Q2c: 1.00 ()"
21060841,0.0,"Q21: top_action & top_three_genres in 2000-2022
Q2: 0 (code error)"
21065622,2.95,"Q21: top_action & top_three_genres in 2000-2022
Q2a: 0.95 ( -0.05 for 'gross_earning' dtype.)
Q2b: 1.00 ()
Q2c: 1.00 ()"
21064082,2.9,"Q22: top_adventure & top_three_genres in 1980-1999
Q2a: 0.90 ( -0.05 for 'year' dtype. -0.05 for 'gross_earning' dtype.)
Q2b: 1.00 ()
Q2c: 1.00 ()"
21065287,2.95,"Q21: top_action & top_three_genres in 2000-2022
Q2a: 0.95 ( -0.05 for 'gross_earning' dtype.)
Q2b: 1.00 ()
Q2c: 1.00 ()"
21069773,2.9,"Q23: top_comedy & top_three_genres in 1920-1979
Q2a: 0.90 ( -0.05 for 'year' dtype. -0.05 for 'gross_earning' dtype.)
Q2b: 1.00 ()
Q2c: 1.00 ()"
21066459,2.95,"Q22: top_adventure & top_three_genres in 1980-1999
Q2a: 0.95 ( -0.05 for 'gross_earning' dtype.)
Q2b: 1.00 ()
Q2c: 1.00 ()"
21070585,3.0,"Q23: top_comedy & top_three_genres in 1920-1979
Q2a: 1.00 ()
Q2b: 1.00 ()
Q2c: 1.00 ()"
21065332,3.0,"Q22: top_adventure & top_three_genres in 1980-1999
Q2a: 1.00 ()
Q2b: 1.00 ()
Q2c: 1.00 ()"
21031681,2.95,"Q23: top_comedy & top_three_genres in 1920-1979
Q2a: 0.95 ( -0.05 for 'gross_earning' dtype.)
Q2b: 1.00 ()
Q2c: 1.00 ()"
21056410,0.0,"Q23: top_comedy & top_three_genres in 1920-1979
Q2: 0 (code error)"
21031782,0.0,"Q21: top_action & top_three_genres in 2000-2022
Q2: 0 (code error)"
21073209,3.0,"Q22: top_adventure & top_three_genres in 1980-1999
Q2a: 1.00 ()
Q2b: 1.00 ()
Q2c: 1.00 ()"
21072747,3.0,"Q23: top_comedy & top_three_genres in 1920-1979
Q2a: 1.00 ()
Q2b: 1.00 ()
Q2c: 1.00 ()"
21073421,2.9,"Q21: top_action & top_three_genres in 2000-2022
Q2a: 0.90 ( -0.05 for 'year' dtype. -0.05 for 'gross_earning' dtype.)
Q2b: 1.00 ()
Q2c: 1.00 ()"
21063203,2.9,"Q22: top_adventure & top_three_genres in 1980-1999
Q2a: 0.90 ( -0.05 for 'year' dtype. -0.05 for 'gross_earning' dtype.)
Q2b: 1.00 ()
Q2c: 1.00 ()"
21070401,3.0,"Q21: top_action & top_three_genres in 2000-2022
Q2a: 1.00 ()
Q2b: 1.00 ()
Q2c: 1.00 ()"
21071643,2.9,"Q22: top_adventure & top_three_genres in 1980-1999
Q2a: 0.90 ( -0.05 for 'year' dtype. -0.05 for 'gross_earning' dtype.)
Q2b: 1.00 ()
Q2c: 1.00 ()"
21074736,2.9,"Q21: top_action & top_three_genres in 2000-2022
Q2a: 0.90 ( -0.05 for 'year' dtype. -0.05 for 'gross_earning' dtype.)
Q2b: 1.00 ()
Q2c: 1.00 ()"
21070528,3.0,"Q22: top_adventure & top_three_genres in 1980-1999
Q2a: 1.00 ()
Q2b: 1.00 ()
Q2c: 1.00 ()"
21068225,2.95,"Q21: top_action & top_three_genres in 2000-2022
Q2a: 0.95 ( -0.05 for 'gross_earning' dtype.)
Q2b: 1.00 ()
Q2c: 1.00 ()"
21057995,2.95,"Q21: top_action & top_three_genres in 2000-2022
Q2a: 0.95 ( -0.05 for 'gross_earning' dtype.)
Q2b: 1.00 ()
Q2c: 1.00 ()"
21065654,2.95,"Q22: top_adventure & top_three_genres in 1980-1999
Q2a: 0.95 ( -0.05 for 'gross_earning' dtype.)
Q2b: 1.00 ()
Q2c: 1.00 ()"
21075077,2.95,"Q21: top_action & top_three_genres in 2000-2022
Q2a: 0.95 ( -0.05 for 'gross_earning' dtype.)
Q2b: 1.00 ()
Q2c: 1.00 ()"
21070731,2.95,"Q21: top_action & top_three_genres in 2000-2022
Q2a: 0.95 ( -0.05 for 'gross_earning' dtype.)
Q2b: 1.00 ()
Q2c: 1.00 ()"
21068017,3.0,"Q21: top_action & top_three_genres in 2000-2022
Q2a: 1.00 ()
Q2b: 1.00 ()
Q2c: 1.00 ()"
21069608,3.0,"Q23: top_comedy & top_three_genres in 1920-1979
Q2a: 1.00 ()
Q2b: 1.00 ()
Q2c: 1.00 ()"
21077794,2.95,"Q21: top_action & top_three_genres in 2000-2022
Q2a: 0.95 ( -0.05 for 'gross_earning' dtype.)
Q2b: 1.00 ()
Q2c: 1.00 ()"
21049397,2.9,"Q22: top_adventure & top_three_genres in 1980-1999
Q2a: 0.90 ( -0.05 for 'year' dtype. -0.05 for 'gross_earning' dtype.)
Q2b: 1.00 ()
Q2c: 1.00 ()"
21079264,0.0,"Q23: top_comedy & top_three_genres in 1920-1979
Q2a: 0 (incompatible DataFrame movies)
Q2b: 0 (incompatible DataFrame top_comedy)
Q2c: 0 (incompatible DataFrame top_three_genres 1920-1979)"
21069530,2.95,"Q23: top_comedy & top_three_genres in 1920-1979
Q2a: 0.95 ( -0.05 for 'gross_earning' dtype.)
Q2b: 1.00 ()
Q2c: 1.00 ()"
21076924,3.0,"Q21: top_action & top_three_genres in 2000-2022
Q2a: 1.00 ()
Q2b: 1.00 ()
Q2c: 1.00 ()"
21077964,0.0,"Q23: top_comedy & top_three_genres in 1920-1979
Q2: 0 (code error)"
21077977,2.95,"Q23: top_comedy & top_three_genres in 1920-1979
Q2a: 0.95 ( -0.05 for 'gross_earning' dtype.)
Q2b: 1.00 ()
Q2c: 1.00 ()"
21076115,1.95,"Q21: top_action & top_three_genres in 2000-2022
Q2a: 0.95 ( -0.05 for 'gross_earning' dtype.)
Q2b: 0 (incompatible DataFrame top_action)
Q2c: 1.00 ()"
21076427,0.95,"Q23: top_comedy & top_three_genres in 1920-1979
Q2a: 0.95 ( -0.05 for 'gross_earning' dtype.)
Q2b: 0 (incompatible DataFrame top_comedy)
Q2c: 0.00 (incorrect DataFrame top_three_genres 1920-1979. Your answer is for 2000-2022)"
21076452,2.95,"Q23: top_comedy & top_three_genres in 1920-1979
Q2a: 0.95 ( -0.05 for 'gross_earning' dtype.)
Q2b: 1.00 ()
Q2c: 1.00 ()"
21069118,2.9,"Q23: top_comedy & top_three_genres in 1920-1979
Q2a: 0.90 ( -0.05 for 'year' dtype. -0.05 for 'gross_earning' dtype.)
Q2b: 1.00 ()
Q2c: 1.00 ()"
21073999,3.0,"Q23: top_comedy & top_three_genres in 1920-1979
Q2a: 1.00 ()
Q2b: 1.00 ()
Q2c: 1.00 ()"
21032070,2.9,"Q22: top_adventure & top_three_genres in 1980-1999
Q2a: 0.90 ( -0.05 for 'year' dtype. -0.05 for 'gross_earning' dtype.)
Q2b: 1.00 ()
Q2c: 1.00 ()"
21078125,2.0,"Q23: top_comedy & top_three_genres in 1920-1979
Q2a: 1.00 ()
Q2b: 1.00 ()
Q2c: 0.00 (incorrect DataFrame top_three_genres 1920-1979. Your answer is for 1980-1999)"
21077444,2.95,"Q21: top_action & top_three_genres in 2000-2022
Q2a: 0.95 ( -0.05 for 'gross_earning' dtype.)
Q2b: 1.00 ()
Q2c: 1.00 ()"
21079856,2.95,"Q21: top_action & top_three_genres in 2000-2022
Q2a: 0.95 ( -0.05 for 'gross_earning' dtype.)
Q2b: 1.00 ()
Q2c: 1.00 ()"
21079437,2.9,"Q22: top_adventure & top_three_genres in 1980-1999
Q2a: 0.90 ( -0.05 for 'year' dtype. -0.05 for 'gross_earning' dtype.)
Q2b: 1.00 ()
Q2c: 1.00 ()"
21080370,2.95,"Q23: top_comedy & top_three_genres in 1920-1979
Q2a: 0.95 ( -0.05 for 'gross_earning' dtype.)
Q2b: 1.00 ()
Q2c: 1.00 ()"
21080305,0.0,"Q22: top_adventure & top_three_genres in 1980-1999
Q2: 0 (code error)"
21079895,2.9,"Q22: top_adventure & top_three_genres in 1980-1999
Q2a: 0.90 ( -0.05 for 'year' dtype. -0.05 for 'gross_earning' dtype.)
Q2b: 1.00 ()
Q2c: 1.00 ()"
21071792,2.95,"Q22: top_adventure & top_three_genres in 1980-1999
Q2a: 0.95 ( -0.05 for 'gross_earning' dtype.)
Q2b: 1.00 ()
Q2c: 1.00 ()"
21073949,2.95,"Q22: top_adventure & top_three_genres in 1980-1999
Q2a: 0.95 ( -0.05 for 'gross_earning' dtype.)
Q2b: 1.00 ()
Q2c: 1.00 ()"
21080962,3.0,"Q23: top_comedy & top_three_genres in 1920-1979
Q2a: 1.00 ()
Q2b: 1.00 ()
Q2c: 1.00 ()"
21079257,2.95,"Q21: top_action & top_three_genres in 2000-2022
Q2a: 0.95 ( -0.05 for 'gross_earning' dtype.)
Q2b: 1.00 ()
Q2c: 1.00 ()"
21079867,1.0,"Q22: top_adventure & top_three_genres in 1980-1999
Q2a: 1.00 ()
Q2b: 0 (incompatible DataFrame top_adventure)
Q2c: 0.00 (incorrect DataFrame top_three_genres 1980-1999. Your answer is for 2000-2022)"
21079960,2.9,"Q23: top_comedy & top_three_genres in 1920-1979
Q2a: 0.90 ( -0.05 for 'year' dtype. -0.05 for 'gross_earning' dtype.)
Q2b: 1.00 ()
Q2c: 1.00 ()"
21070375,0.0,"Q21: top_action & top_three_genres in 2000-2022
Q2: 0 (code error)"
21073704,2.95,"Q21: top_action & top_three_genres in 2000-2022
Q2a: 0.95 ( -0.05 for 'gross_earning' dtype.)
Q2b: 1.00 ()
Q2c: 1.00 ()"
21069702,2.95,"Q21: top_action & top_three_genres in 2000-2022
Q2a: 0.95 ( -0.05 for 'gross_earning' dtype.)
Q2b: 1.00 ()
Q2c: 1.00 ()"
21081442,2.9,"Q22: top_adventure & top_three_genres in 1980-1999
Q2a: 0.90 ( -0.05 for 'year' dtype. -0.05 for 'gross_earning' dtype.)
Q2b: 1.00 ()
Q2c: 1.00 ()"
21032189,2.9,"Q23: top_comedy & top_three_genres in 1920-1979
Q2a: 0.90 ( -0.05 for 'year' dtype. -0.05 for 'gross_earning' dtype.)
Q2b: 1.00 ()
Q2c: 1.00 ()"
21081912,2.0,"Q23: top_comedy & top_three_genres in 1920-1979
Q2a: 1.00 ()
Q2b: 1.00 ()
Q2c: 0 (incompatible DataFrame top_three_genres 1920-1979)"
21043511,2.95,"Q21: top_action & top_three_genres in 2000-2022
Q2a: 0.95 ( -0.05 for 'gross_earning' dtype.)
Q2b: 1.00 ()
Q2c: 1.00 ()"
21046814,2.9,"Q21: top_action & top_three_genres in 2000-2022
Q2a: 0.90 ( -0.05 for 'year' dtype. -0.05 for 'gross_earning' dtype.)
Q2b: 1.00 ()
Q2c: 1.00 ()"
21081095,2.95,"Q23: top_comedy & top_three_genres in 1920-1979
Q2a: 0.95 ( -0.05 for 'gross_earning' dtype.)
Q2b: 1.00 ()
Q2c: 1.00 ()"
21061766,1.95,"Q22: top_adventure & top_three_genres in 1980-1999
Q2a: 0.95 ( -0.05 for 'gross_earning' dtype.)
Q2b: 0 (incompatible DataFrame top_adventure)
Q2c: 1.00 ()"
21061492,3.0,"Q22: top_adventure & top_three_genres in 1980-1999
Q2a: 1.00 ()
Q2b: 1.00 ()
Q2c: 1.00 ()"
21076039,2.9,"Q23: top_comedy & top_three_genres in 1920-1979
Q2a: 0.90 ( -0.05 for 'year' dtype. -0.05 for 'gross_earning' dtype.)
Q2b: 1.00 ()
Q2c: 1.00 ()"
21076696,2.95,"Q21: top_action & top_three_genres in 2000-2022
Q2a: 0.95 ( -0.05 for 'gross_earning' dtype.)
Q2b: 1.00 ()
Q2c: 1.00 ()"
21083834,1.95,"Q21: top_action & top_three_genres in 2000-2022
Q2a: 0.95 ( -0.05 for 'gross_earning' dtype.)
Q2b: 0 (incompatible DataFrame top_action)
Q2c: 1.00 ()"
21071803,0.0,"Q23: top_comedy & top_three_genres in 1920-1979
Q2: 0 (code error)"
21082921,2.9,"Q22: top_adventure & top_three_genres in 1980-1999
Q2a: 0.90 ( -0.05 for 'year' dtype. -0.05 for 'gross_earning' dtype.)
Q2b: 1.00 ()
Q2c: 1.00 ()"
21078449,2.95,"Q21: top_action & top_three_genres in 2000-2022
Q2a: 0.95 ( -0.05 for 'gross_earning' dtype.)
Q2b: 1.00 ()
Q2c: 1.00 ()"
21060799,2.9,"Q22: top_adventure & top_three_genres in 1980-1999
Q2a: 0.90 ( -0.05 for 'year' dtype. -0.05 for 'gross_earning' dtype.)
Q2b: 1.00 ()
Q2c: 1.00 ()"
21078957,2.9,"Q23: top_comedy & top_three_genres in 1920-1979
Q2a: 0.90 ( -0.05 for 'year' dtype. -0.05 for 'gross_earning' dtype.)
Q2b: 1.00 ()
Q2c: 1.00 ()"
21064790,3.0,"Q21: top_action & top_three_genres in 2000-2022
Q2a: 1.00 ()
Q2b: 1.00 ()
Q2c: 1.00 ()"
21065257,2.9,"Q23: top_comedy & top_three_genres in 1920-1979
Q2a: 0.90 ( -0.05 for 'year' dtype. -0.05 for 'gross_earning' dtype.)
Q2b: 1.00 ()
Q2c: 1.00 ()"
21073802,2.95,"Q21: top_action & top_three_genres in 2000-2022
Q2a: 0.95 ( -0.05 for 'gross_earning' dtype.)
Q2b: 1.00 ()
Q2c: 1.00 ()"
21080052,2.9,"Q21: top_action & top_three_genres in 2000-2022
Q2a: 0.90 ( -0.05 for 'year' dtype. -0.05 for 'gross_earning' dtype.)
Q2b: 1.00 ()
Q2c: 1.00 ()"
21063192,0.0,"Q22: top_adventure & top_three_genres in 1980-1999
Q2: 0 (code error)"
21081185,0.0,No submission
21083875,2.95,"Q21: top_action & top_three_genres in 2000-2022
Q2a: 0.95 ( -0.05 for 'gross_earning' dtype.)
Q2b: 1.00 ()
Q2c: 1.00 ()"
21084819,0.0,"Q21: top_action & top_three_genres in 2000-2022
Q2a: 0 (incompatible DataFrame movies)
Q2b: 0 (incompatible DataFrame top_action)
Q2c: 0 (incompatible DataFrame top_three_genres 2000-2022)"
21071658,3.0,"Q21: top_action & top_three_genres in 2000-2022
Q2a: 1.00 ()
Q2b: 1.00 ()
Q2c: 1.00 ()"
21001551,2.95,"Q23: top_comedy & top_three_genres in 1920-1979
Q2a: 0.95 ( -0.05 for 'gross_earning' dtype.)
Q2b: 1.00 ()
Q2c: 1.00 ()"
21031682,1.9,"Q23: top_comedy & top_three_genres in 1920-1979
Q2a: 0.90 ( -0.05 for 'year' dtype. -0.05 for 'gross_earning' dtype.)
Q2b: 1.00 ()
Q2c: 0 (incompatible DataFrame top_three_genres 1920-1979)"
21069691,2.95,"Q22: top_adventure & top_three_genres in 1980-1999
Q2a: 0.95 ( -0.05 for 'gross_earning' dtype.)
Q2b: 1.00 ()
Q2c: 1.00 ()"
21060336,2.95,"Q22: top_adventure & top_three_genres in 1980-1999
Q2a: 0.95 ( -0.05 for 'gross_earning' dtype.)
Q2b: 1.00 ()
Q2c: 1.00 ()"
21083133,2.95,"Q21: top_action & top_three_genres in 2000-2022
Q2a: 0.95 ( -0.05 for 'gross_earning' dtype.)
Q2b: 1.00 ()
Q2c: 1.00 ()"
21067973,2.0,"Q21: top_action & top_three_genres in 2000-2022
Q2a: 0 (incompatible DataFrame movies)
Q2b: 1.00 ()
Q2c: 1.00 ()"
21076384,2.9,"Q22: top_adventure & top_three_genres in 1980-1999
Q2a: 0.90 ( -0.05 for 'year' dtype. -0.05 for 'gross_earning' dtype.)
Q2b: 1.00 ()
Q2c: 1.00 ()"
21085095,1.0,"Q21: top_action & top_three_genres in 2000-2022
Q2a: 1.00 ()
Q2b: 0 (incompatible DataFrame top_action)
Q2c: 0 (incompatible DataFrame top_three_genres 2000-2022)"
21083870,2.95,"Q23: top_comedy & top_three_genres in 1920-1979
Q2a: 0.95 ( -0.05 for 'gross_earning' dtype.)
Q2b: 1.00 ()
Q2c: 1.00 ()"
21084603,2.9,"Q22: top_adventure & top_three_genres in 1980-1999
Q2a: 0.90 ( -0.05 for 'year' dtype. -0.05 for 'gross_earning' dtype.)
Q2b: 1.00 ()
Q2c: 1.00 ()"
21032186,2.9,"Q22: top_adventure & top_three_genres in 1980-1999
Q2a: 0.90 ( -0.05 for 'year' dtype. -0.05 for 'gross_earning' dtype.)
Q2b: 1.00 ()
Q2c: 1.00 ()"
21084824,3.0,"Q23: top_comedy & top_three_genres in 1920-1979
Q2a: 1.00 ()
Q2b: 1.00 ()
Q2c: 1.00 ()"
21059045,2.9,"Q23: top_comedy & top_three_genres in 1920-1979
Q2a: 0.90 ( -0.05 for 'year' dtype. -0.05 for 'gross_earning' dtype.)
Q2b: 1.00 ()
Q2c: 1.00 ()"
21065799,2.9,"Q23: top_comedy & top_three_genres in 1920-1979
Q2a: 0.90 ( -0.05 for 'year' dtype. -0.05 for 'gross_earning' dtype.)
Q2b: 1.00 ()
Q2c: 1.00 ()"
21067988,2.95,"Q23: top_comedy & top_three_genres in 1920-1979
Q2a: 0.95 ( -0.05 for 'gross_earning' dtype.)
Q2b: 1.00 ()
Q2c: 1.00 ()"
21076003,2.95,"Q22: top_adventure & top_three_genres in 1980-1999
Q2a: 0.95 ( -0.05 for 'gross_earning' dtype.)
Q2b: 1.00 ()
Q2c: 1.00 ()"
21063707,2.95,"Q21: top_action & top_three_genres in 2000-2022
Q2a: 0.95 ( -0.05 for 'gross_earning' dtype.)
Q2b: 1.00 ()
Q2c: 1.00 ()"
21058791,0.0,"Q22: top_adventure & top_three_genres in 1980-1999
Q2: 0 (code error)"
21082045,0.0,"Q22: top_adventure & top_three_genres in 1980-1999
Q2: 0 (code error)"
21082058,3.0,"Q23: top_comedy & top_three_genres in 1920-1979
Q2a: 1.00 ()
Q2b: 1.00 ()
Q2c: 1.00 ()"
21084757,2.95,"Q23: top_comedy & top_three_genres in 1920-1979
Q2a: 0.95 ( -0.05 for 'gross_earning' dtype.)
Q2b: 1.00 ()
Q2c: 1.00 ()"
21087723,2.9,"Q23: top_comedy & top_three_genres in 1920-1979
Q2a: 0.90 ( -0.05 for 'year' dtype. -0.05 for 'gross_earning' dtype.)
Q2b: 1.00 ()
Q2c: 1.00 ()"
21076866,0.0,"Q22: top_adventure & top_three_genres in 1980-1999
Q2: 0 (code error)"
21086849,0.0,"Q21: top_action & top_three_genres in 2000-2022
Q2: 0 (code error)"
21087019,0.0,No submission
21060249,2.9,"Q21: top_action & top_three_genres in 2000-2022
Q2a: 0.90 ( -0.05 for 'year' dtype. -0.05 for 'gross_earning' dtype.)
Q2b: 1.00 ()
Q2c: 1.00 ()"
21071390,2.95,"Q23: top_comedy & top_three_genres in 1920-1979
Q2a: 0.95 ( -0.05 for 'gross_earning' dtype.)
Q2b: 1.00 ()
Q2c: 1.00 ()"
21078637,2.9,"Q22: top_adventure & top_three_genres in 1980-1999
Q2a: 0.90 ( -0.05 for 'year' dtype. -0.05 for 'gross_earning' dtype.)
Q2b: 1.00 ()
Q2c: 1.00 ()"
21087736,2.9,"Q22: top_adventure & top_three_genres in 1980-1999
Q2a: 0.90 ( -0.05 for 'year' dtype. -0.05 for 'gross_earning' dtype.)
Q2b: 1.00 ()
Q2c: 1.00 ()"
21082185,2.9,"Q22: top_adventure & top_three_genres in 1980-1999
Q2a: 0.90 ( -0.05 for 'year' dtype. -0.05 for 'gross_earning' dtype.)
Q2b: 1.00 ()
Q2c: 1.00 ()"
21083211,0.0,"Q21: top_action & top_three_genres in 2000-2022
Q2: 0 (code error)"
21082570,2.95,"Q21: top_action & top_three_genres in 2000-2022
Q2a: 0.95 ( -0.05 for 'gross_earning' dtype.)
Q2b: 1.00 ()
Q2c: 1.00 ()"
21088776,2.9,"Q22: top_adventure & top_three_genres in 1980-1999
Q2a: 0.90 ( -0.05 for 'year' dtype. -0.05 for 'gross_earning' dtype.)
Q2b: 1.00 ()
Q2c: 1.00 ()"
21085699,3.0,"Q23: top_comedy & top_three_genres in 1920-1979
Q2a: 1.00 ()
Q2b: 1.00 ()
Q2c: 1.00 ()"
21078631,3.0,"Q23: top_comedy & top_three_genres in 1920-1979
Q2a: 1.00 ()
Q2b: 1.00 ()
Q2c: 1.00 ()"
21087748,3.0,"Q21: top_action & top_three_genres in 2000-2022
Q2a: 1.00 ()
Q2b: 1.00 ()
Q2c: 1.00 ()"
21087866,0.0,"Q23: top_comedy & top_three_genres in 1920-1979
Q2: 0 (code error)"
21088470,2.9,"Q22: top_adventure & top_three_genres in 1980-1999
Q2a: 0.90 ( -0.05 for 'year' dtype. -0.05 for 'gross_earning' dtype.)
Q2b: 1.00 ()
Q2c: 1.00 ()"
21089746,2.9,"Q23: top_comedy & top_three_genres in 1920-1979
Q2a: 0.90 ( -0.05 for 'year' dtype. -0.05 for 'gross_earning' dtype.)
Q2b: 1.00 ()
Q2c: 1.00 ()"
21071843,2.9,"Q21: top_action & top_three_genres in 2000-2022
Q2a: 0.90 ( -0.05 for 'year' dtype. -0.05 for 'gross_earning' dtype.)
Q2b: 1.00 ()
Q2c: 1.00 ()"
21060940,0.0,"Q23: top_comedy & top_three_genres in 1920-1979
Q2: 0 (code error)"
21080899,0.0,"Q23: top_comedy & top_three_genres in 1920-1979
Q2: 0 (code error)"
21071305,2.9,"Q22: top_adventure & top_three_genres in 1980-1999
Q2a: 0.90 ( -0.05 for 'year' dtype. -0.05 for 'gross_earning' dtype.)
Q2b: 1.00 ()
Q2c: 1.00 ()"
21060794,2.95,"Q22: top_adventure & top_three_genres in 1980-1999
Q2a: 0.95 ( -0.05 for 'gross_earning' dtype.)
Q2b: 1.00 ()
Q2c: 1.00 ()"
21062821,2.9,"Q22: top_adventure & top_three_genres in 1980-1999
Q2a: 0.90 ( -0.05 for 'year' dtype. -0.05 for 'gross_earning' dtype.)
Q2b: 1.00 ()
Q2c: 1.00 ()"
21063319,2.9,"Q23: top_comedy & top_three_genres in 1920-1979
Q2a: 0.90 ( -0.05 for 'year' dtype. -0.05 for 'gross_earning' dtype.)
Q2b: 1.00 ()
Q2c: 1.00 ()"
21069435,2.9,"Q23: top_comedy & top_three_genres in 1920-1979
Q2a: 0.90 ( -0.05 for 'year' dtype. -0.05 for 'gross_earning' dtype.)
Q2b: 1.00 ()
Q2c: 1.00 ()"
21070709,2.9,"Q23: top_comedy & top_three_genres in 1920-1979
Q2a: 0.90 ( -0.05 for 'year' dtype. -0.05 for 'gross_earning' dtype.)
Q2b: 1.00 ()
Q2c: 1.00 ()"
21066186,2.9,"Q23: top_comedy & top_three_genres in 1920-1979
Q2a: 0.90 ( -0.05 for 'year' dtype. -0.05 for 'gross_earning' dtype.)
Q2b: 1.00 ()
Q2c: 1.00 ()"
21088775,2.95,"Q21: top_action & top_three_genres in 2000-2022
Q2a: 0.95 ( -0.05 for 'gross_earning' dtype.)
Q2b: 1.00 ()
Q2c: 1.00 ()"
21078439,1.95,"Q21: top_action & top_three_genres in 2000-2022
Q2a: 0.95 ( -0.05 for 'gross_earning' dtype.)
Q2b: 0 (incompatible DataFrame top_action)
Q2c: 1.00 ()"
21082757,2.95,"Q22: top_adventure & top_three_genres in 1980-1999
Q2a: 0.95 ( -0.05 for 'gross_earning' dtype.)
Q2b: 1.00 ()
Q2c: 1.00 ()"
21088746,2.9,"Q22: top_adventure & top_three_genres in 1980-1999
Q2a: 0.90 ( -0.05 for 'year' dtype. -0.05 for 'gross_earning' dtype.)
Q2b: 1.00 ()
Q2c: 1.00 ()"
21089866,0.0,"Q21: top_action & top_three_genres in 2000-2022
Q2: 0 (code error)"
21088796,0.0,No submission
21081467,2.0,"Q23: top_comedy & top_three_genres in 1920-1979
Q2a: 1.00 ()
Q2b: 1.00 ()
Q2c: 0.00 (incorrect DataFrame top_three_genres 1920-1979. Your answer is for 1980-1999)"
21088910,2.95,"Q23: top_comedy & top_three_genres in 1920-1979
Q2a: 0.95 ( -0.05 for 'gross_earning' dtype.)
Q2b: 1.00 ()
Q2c: 1.00 ()"
21089475,3.0,"Q23: top_comedy & top_three_genres in 1920-1979
Q2a: 1.00 ()
Q2b: 1.00 ()
Q2c: 1.00 ()"
21066565,2.0,"Q21: top_action & top_three_genres in 2000-2022
Q2a: 1.00 ()
Q2b: 1.00 ()
Q2c: 0.00 (incorrect DataFrame top_three_genres 2000-2022. Your answer is for 1980-1999)"
21077565,3.0,"Q22: top_adventure & top_three_genres in 1980-1999
Q2a: 1.00 ()
Q2b: 1.00 ()
Q2c: 1.00 ()"
21082184,2.95,"Q23: top_comedy & top_three_genres in 1920-1979
Q2a: 0.95 ( -0.05 for 'gross_earning' dtype.)
Q2b: 1.00 ()
Q2c: 1.00 ()"
21083353,2.9,"Q21: top_action & top_three_genres in 2000-2022
Q2a: 0.90 ( -0.05 for 'year' dtype. -0.05 for 'gross_earning' dtype.)
Q2b: 1.00 ()
Q2c: 1.00 ()"
21088719,0.0,"Q22: top_adventure & top_three_genres in 1980-1999
Q2: 0 (code error)"
21066576,1.0,"Q21: top_action & top_three_genres in 2000-2022
Q2a: 1.00 ()
Q2b: 0 (incompatible DataFrame top_action)
Q2c: 0.00 (incorrect DataFrame top_three_genres 2000-2022. Your answer is for 1920-1979)"
21077839,3.0,"Q23: top_comedy & top_three_genres in 1920-1979
Q2a: 1.00 ()
Q2b: 1.00 ()
Q2c: 1.00 ()"
21087185,2.9,"Q23: top_comedy & top_three_genres in 1920-1979
Q2a: 0.90 ( -0.05 for 'year' dtype. -0.05 for 'gross_earning' dtype.)
Q2b: 1.00 ()
Q2c: 1.00 ()"
21090449,2.95,"Q21: top_action & top_three_genres in 2000-2022
Q2a: 0.95 ( -0.05 for 'gross_earning' dtype.)
Q2b: 1.00 ()
Q2c: 1.00 ()"
21090443,2.95,"Q22: top_adventure & top_three_genres in 1980-1999
Q2a: 0.95 ( -0.05 for 'gross_earning' dtype.)
Q2b: 1.00 ()
Q2c: 1.00 ()"
21085657,3.0,"Q21: top_action & top_three_genres in 2000-2022
Q2a: 1.00 ()
Q2b: 1.00 ()
Q2c: 1.00 ()"
17025391,1.9,"Q22: top_adventure & top_three_genres in 1980-1999
Q2a: 0.90 ( -0.05 for 'year' dtype. -0.05 for 'gross_earning' dtype.)
Q2b: 0.00 (incorrect DataFrame top_adventure: it has 0 rows, should be 40 rows, 0 are correct)
Q2c: 1.00 ()"
21072112,2.9,"Q21: top_action & top_three_genres in 2000-2022
Q2a: 0.90 ( -0.05 for 'year' dtype. -0.05 for 'gross_earning' dtype.)
Q2b: 1.00 ()
Q2c: 1.00 ()"
21083517,2.9,"Q22: top_adventure & top_three_genres in 1980-1999
Q2a: 0.90 ( -0.05 for 'year' dtype. -0.05 for 'gross_earning' dtype.)
Q2b: 1.00 ()
Q2c: 1.00 ()"
21090446,2.95,"Q21: top_action & top_three_genres in 2000-2022
Q2a: 0.95 ( -0.05 for 'gross_earning' dtype.)
Q2b: 1.00 ()
Q2c: 1.00 ()"
21060337,3.0,"Q22: top_adventure & top_three_genres in 1980-1999
Q2a: 1.00 ()
Q2b: 1.00 ()
Q2c: 1.00 ()"
21064263,2.9,"Q21: top_action & top_three_genres in 2000-2022
Q2a: 0.90 ( -0.05 for 'year' dtype. -0.05 for 'gross_earning' dtype.)
Q2b: 1.00 ()
Q2c: 1.00 ()"
21074109,0.0,"Q23: top_comedy & top_three_genres in 1920-1979
Q2: 0 (code error)"
21090027,3.0,"Q21: top_action & top_three_genres in 2000-2022
Q2a: 1.00 ()
Q2b: 1.00 ()
Q2c: 1.00 ()"
21091274,0.0,"Q23: top_comedy & top_three_genres in 1920-1979
Q2: 0 (code error)"
21082445,3.0,"Q22: top_adventure & top_three_genres in 1980-1999
Q2a: 1.00 ()
Q2b: 1.00 ()
Q2c: 1.00 ()"
21091107,1.95,"Q22: top_adventure & top_three_genres in 1980-1999
Q2a: 0.95 ( -0.05 for 'gross_earning' dtype.)
Q2b: 0 (incompatible DataFrame top_adventure)
Q2c: 1.00 ()"
21085700,1.9,"Q21: top_action & top_three_genres in 2000-2022
Q2a: 0.90 ( -0.05 for 'year' dtype. -0.05 for 'gross_earning' dtype.)
Q2b: 1.00 ()
Q2c: 0.00 (incorrect DataFrame top_three_genres 2000-2022. Your answer is for 1980-1999)"
21091112,2.95,"Q21: top_action & top_three_genres in 2000-2022
Q2a: 0.95 ( -0.05 for 'gross_earning' dtype.)
Q2b: 1.00 ()
Q2c: 1.00 ()"
21090705,1.95,"Q21: top_action & top_three_genres in 2000-2022
Q2a: 0.95 ( -0.05 for 'gross_earning' dtype.)
Q2b: 0 (incompatible DataFrame top_action)
Q2c: 1.00 ()"
21091105,2.9,"Q22: top_adventure & top_three_genres in 1980-1999
Q2a: 0.90 ( -0.05 for 'year' dtype. -0.05 for 'gross_earning' dtype.)
Q2b: 1.00 ()
Q2c: 1.00 ()"
21091116,2.95,"Q23: top_comedy & top_three_genres in 1920-1979
Q2a: 0.95 ( -0.05 for 'gross_earning' dtype.)
Q2b: 1.00 ()
Q2c: 1.00 ()"
21091943,2.95,"Q23: top_comedy & top_three_genres in 1920-1979
Q2a: 0.95 ( -0.05 for 'gross_earning' dtype.)
Q2b: 1.00 ()
Q2c: 1.00 ()"
21078501,3.0,"Q22: top_adventure & top_three_genres in 1980-1999
Q2a: 1.00 ()
Q2b: 1.00 ()
Q2c: 1.00 ()"
21080788,3.0,"Q23: top_comedy & top_three_genres in 1920-1979
Q2a: 1.00 ()
Q2b: 1.00 ()
Q2c: 1.00 ()"
21087187,0.0,"Q22: top_adventure & top_three_genres in 1980-1999
Q2: 0 (code error)"
21089713,1.6,"Q21: top_action & top_three_genres in 2000-2022
Q2a: 1.00 ()
Q2b: 0.60 ( -0.4 for partially correct DataFrame top_action: it has 55 rows, should be 54 rows, 34 are correct)
Q2c: 0.00 (incorrect DataFrame top_three_genres 2000-2022. Your answer is for 1920-1979)"
21073161,2.95,"Q21: top_action & top_three_genres in 2000-2022
Q2a: 0.95 ( -0.05 for 'gross_earning' dtype.)
Q2b: 1.00 ()
Q2c: 1.00 ()"
21077309,2.9,"Q22: top_adventure & top_three_genres in 1980-1999
Q2a: 0.90 ( -0.05 for 'year' dtype. -0.05 for 'gross_earning' dtype.)
Q2b: 1.00 ()
Q2c: 1.00 ()"
21079910,2.95,"Q21: top_action & top_three_genres in 2000-2022
Q2a: 0.95 ( -0.05 for 'gross_earning' dtype.)
Q2b: 1.00 ()
Q2c: 1.00 ()"
21088050,2.95,"Q21: top_action & top_three_genres in 2000-2022
Q2a: 0.95 ( -0.05 for 'gross_earning' dtype.)
Q2b: 1.00 ()
Q2c: 1.00 ()"
21069496,2.57,"Q23: top_comedy & top_three_genres in 1920-1979
Q2a: 0.90 ( -0.05 for 'year' dtype. -0.05 for 'gross_earning' dtype.)
Q2b: 1.00 ()
Q2c: 0.67 ( -0.33 partially correct DataFrame top_three_genres: it has 125 rows, should be 9 rows, 6 are correct)"
21069497,2.9,"Q22: top_adventure & top_three_genres in 1980-1999
Q2a: 0.90 ( -0.05 for 'year' dtype. -0.05 for 'gross_earning' dtype.)
Q2b: 1.00 ()
Q2c: 1.00 ()"
21083183,2.57,"Q21: top_action & top_three_genres in 2000-2022
Q2a: 0.90 ( -0.05 for 'year' dtype. -0.05 for 'gross_earning' dtype.)
Q2b: 1.00 ()
Q2c: 0.67 ( -0.33 partially correct DataFrame top_three_genres: it has 9 rows, should be 9 rows, 6 are correct)"
21069406,0.0,"Q21: top_action & top_three_genres in 2000-2022
Q2: 0 (code error)"
21085206,2.95,"Q22: top_adventure & top_three_genres in 1980-1999
Q2a: 0.95 ( -0.05 for 'gross_earning' dtype.)
Q2b: 1.00 ()
Q2c: 1.00 ()"
21079825,2.9,"Q22: top_adventure & top_three_genres in 1980-1999
Q2a: 0.90 ( -0.05 for 'year' dtype. -0.05 for 'gross_earning' dtype.)
Q2b: 1.00 ()
Q2c: 1.00 ()"
22003064,3.0,"Q21: top_action & top_three_genres in 2000-2022
Q2a: 1.00 ()
Q2b: 1.00 ()
Q2c: 1.00 ()"
22003118,2.9,"Q21: top_action & top_three_genres in 2000-2022
Q2a: 0.90 ( -0.05 for 'year' dtype. -0.05 for 'gross_earning' dtype.)
Q2b: 1.00 ()
Q2c: 1.00 ()"
22002781,3.0,"Q23: top_comedy & top_three_genres in 1920-1979
Q2a: 1.00 ()
Q2b: 1.00 ()
Q2c: 1.00 ()"
22007462,3.0,"Q21: top_action & top_three_genres in 2000-2022
Q2a: 1.00 ()
Q2b: 1.00 ()
Q2c: 1.00 ()"
22007583,2.0,"Q23: top_comedy & top_three_genres in 1920-1979
Q2a: 1.00 ()
Q2b: 1.00 ()
Q2c: 0.00 (incorrect DataFrame top_three_genres 1920-1979. Your answer is for 1980-1999)"
22008838,3.0,"Q21: top_action & top_three_genres in 2000-2022
Q2a: 1.00 ()
Q2b: 1.00 ()
Q2c: 1.00 ()"
22008852,3.0,"Q21: top_action & top_three_genres in 2000-2022
Q2a: 1.00 ()
Q2b: 1.00 ()
Q2c: 1.00 ()"
22009238,3.0,"Q21: top_action & top_three_genres in 2000-2022
Q2a: 1.00 ()
Q2b: 1.00 ()
Q2c: 1.00 ()"
22010011,2.0,"Q23: top_comedy & top_three_genres in 1920-1979
Q2a: 1.00 ()
Q2b: 1.00 ()
Q2c: 0.00 (incorrect DataFrame top_three_genres 1920-1979. Your answer is for 1980-1999)"
22010044,3.0,"Q22: top_adventure & top_three_genres in 1980-1999
Q2a: 1.00 ()
Q2b: 1.00 ()
Q2c: 1.00 ()"
22012098,3.0,"Q23: top_comedy & top_three_genres in 1920-1979
Q2a: 1.00 ()
Q2b: 1.00 ()
Q2c: 1.00 ()"
22003331,2.9,"Q22: top_adventure & top_three_genres in 1980-1999
Q2a: 0.90 ( -0.05 for 'year' dtype. -0.05 for 'gross_earning' dtype.)
Q2b: 1.00 ()
Q2c: 1.00 ()"
21081427,1.0,"Q21: top_action & top_three_genres in 2000-2022
Q2a: 0 (incompatible DataFrame movies)
Q2b: 1.00 ()
Q2c: 0 (incompatible DataFrame top_three_genres 2000-2022)"
21060292,2.9,"Q23: top_comedy & top_three_genres in 1920-1979
Q2a: 0.90 ( -0.05 for 'year' dtype. -0.05 for 'gross_earning' dtype.)
Q2b: 1.00 ()
Q2c: 1.00 ()"
21079279,3.0,"Q23: top_comedy & top_three_genres in 1920-1979
Q2a: 1.00 ()
Q2b: 1.00 ()
Q2c: 1.00 ()"
21084741,3.0,"Q21: top_action & top_three_genres in 2000-2022
Q2a: 1.00 ()
Q2b: 1.00 ()
Q2c: 1.00 ()"
21087223,3.0,"Q22: top_adventure & top_three_genres in 1980-1999
Q2a: 1.00 ()
Q2b: 1.00 ()
Q2c: 1.00 ()"
22009171,2.0,"Q21: top_action & top_three_genres in 2000-2022
Q2a: 1.00 ()
Q2b: 0 (incompatible DataFrame top_action)
Q2c: 1.00 ()"
22014947,3.0,"Q21: top_action & top_three_genres in 2000-2022
Q2a: 1.00 ()
Q2b: 1.00 ()
Q2c: 1.00 ()"
22015002,3.0,"Q22: top_adventure & top_three_genres in 1980-1999
Q2a: 1.00 ()
Q2b: 1.00 ()
Q2c: 1.00 ()"
22011561,1.0,"Q22: top_adventure & top_three_genres in 1980-1999
Q2a: 1.00 ()
Q2b: 0 (incompatible DataFrame top_adventure)
Q2c: 0.00 (incorrect DataFrame top_three_genres 1980-1999. Your answer is for 2000-2022)"
22012335,3.0,"Q22: top_adventure & top_three_genres in 1980-1999
Q2a: 1.00 ()
Q2b: 1.00 ()
Q2c: 1.00 ()"
22014806,0.0,"Q21: top_action & top_three_genres in 2000-2022
Q2: 0 (code error)"
22014663,1.0,"Q21: top_action & top_three_genres in 2000-2022
Q2a: 1.00 ()
Q2b: 0 (incompatible DataFrame top_action)
Q2c: 0.00 (incorrect DataFrame top_three_genres 2000-2022. Your answer is for 1920-1979)"
22014871,3.0,"Q21: top_action & top_three_genres in 2000-2022
Q2a: 1.00 ()
Q2b: 1.00 ()
Q2c: 1.00 ()"
22014926,3.0,"Q22: top_adventure & top_three_genres in 1980-1999
Q2a: 1.00 ()
Q2b: 1.00 ()
Q2c: 1.00 ()"
22014729,3.0,"Q21: top_action & top_three_genres in 2000-2022
Q2a: 1.00 ()
Q2b: 1.00 ()
Q2c: 1.00 ()"
22014732,3.0,"Q23: top_comedy & top_three_genres in 1920-1979
Q2a: 1.00 ()
Q2b: 1.00 ()
Q2c: 1.00 ()"
21060843,2.0,"Q22: top_adventure & top_three_genres in 1980-1999
Q2a: 1.00 ()
Q2b: 1.00 ()
Q2c: 0 (incompatible DataFrame top_three_genres 1980-1999)"
21064285,3.0,"Q23: top_comedy & top_three_genres in 1920-1979
Q2a: 1.00 ()
Q2b: 1.00 ()
Q2c: 1.00 ()"
22001288,0.0,"Q22: top_adventure & top_three_genres in 1980-1999
Q2: 0 (code error)"
22016255,3.0,"Q21: top_action & top_three_genres in 2000-2022
Q2a: 1.00 ()
Q2b: 1.00 ()
Q2c: 1.00 ()"
21087845,3.0,"Q23: top_comedy & top_three_genres in 1920-1979
Q2a: 1.00 ()
Q2b: 1.00 ()
Q2c: 1.00 ()"
21089120,3.0,"Q21: top_action & top_three_genres in 2000-2022
Q2a: 1.00 ()
Q2b: 1.00 ()
Q2c: 1.00 ()"
21094100,3.0,"Q23: top_comedy & top_three_genres in 1920-1979
Q2a: 1.00 ()
Q2b: 1.00 ()
Q2c: 1.00 ()"
22008590,3.0,"Q22: top_adventure & top_three_genres in 1980-1999
Q2a: 1.00 ()
Q2b: 1.00 ()
Q2c: 1.00 ()"
22014268,1.67,"Q22: top_adventure & top_three_genres in 1980-1999
Q2a: 1.00 ()
Q2b: 0 (incompatible DataFrame top_adventure)
Q2c: 0.67 ( -0.33 partially correct DataFrame top_three_genres: it has 9 rows, should be 9 rows, 6 are correct)"
22015028,2.95,"Q21: top_action & top_three_genres in 2000-2022
Q2a: 0.95 ( -0.05 for 'gross_earning' dtype.)
Q2b: 1.00 ()
Q2c: 1.00 ()"
21083402,3.0,"Q21: top_action & top_three_genres in 2000-2022
Q2a: 1.00 ()
Q2b: 1.00 ()
Q2c: 1.00 ()"
22018255,0.0,"Q21: top_action & top_three_genres in 2000-2022
Q2: 0 (code error)"
22003565,2.0,"Q22: top_adventure & top_three_genres in 1980-1999
Q2a: 1.00 ()
Q2b: 1.00 ()
Q2c: 0.00 (incorrect DataFrame top_three_genres 1980-1999. Your answer is for 1920-1979)"
22013825,3.0,"Q21: top_action & top_three_genres in 2000-2022
Q2a: 1.00 ()
Q2b: 1.00 ()
Q2c: 1.00 ()"
21032107,2.0,"Q22: top_adventure & top_three_genres in 1980-1999
Q2a: 1.00 ()
Q2b: 1.00 ()
Q2c: 0 (incompatible DataFrame top_three_genres 1980-1999)"
22020836,3.0,"Q21: top_action & top_three_genres in 2000-2022
Q2a: 1.00 ()
Q2b: 1.00 ()
Q2c: 1.00 ()"
22020950,3.0,"Q22: top_adventure & top_three_genres in 1980-1999
Q2a: 1.00 ()
Q2b: 1.00 ()
Q2c: 1.00 ()"
22019455,1.0,"Q23: top_comedy & top_three_genres in 1920-1979
Q2a: 1.00 ()
Q2b: 0 (incompatible DataFrame top_comedy)
Q2c: 0 (incompatible DataFrame top_three_genres 1920-1979)"
22019524,3.0,"Q21: top_action & top_three_genres in 2000-2022
Q2a: 1.00 ()
Q2b: 1.00 ()
Q2c: 1.00 ()"
22018647,3.0,"Q23: top_comedy & top_three_genres in 1920-1979
Q2a: 1.00 ()
Q2b: 1.00 ()
Q2c: 1.00 ()"
22018704,3.0,"Q21: top_action & top_three_genres in 2000-2022
Q2a: 1.00 ()
Q2b: 1.00 ()
Q2c: 1.00 ()"
22019056,3.0,"Q21: top_action & top_three_genres in 2000-2022
Q2a: 1.00 ()
Q2b: 1.00 ()
Q2c: 1.00 ()"
22017418,2.9,"Q22: top_adventure & top_three_genres in 1980-1999
Q2a: 0.90 ( -0.05 for 'year' dtype. -0.05 for 'gross_earning' dtype.)
Q2b: 1.00 ()
Q2c: 1.00 ()"
22018315,3.0,"Q21: top_action & top_three_genres in 2000-2022
Q2a: 1.00 ()
Q2b: 1.00 ()
Q2c: 1.00 ()"
22019362,3.0,"Q23: top_comedy & top_three_genres in 1920-1979
Q2a: 1.00 ()
Q2b: 1.00 ()
Q2c: 1.00 ()"
22000809,1.0,"Q23: top_comedy & top_three_genres in 1920-1979
Q2a: 1.00 ()
Q2b: 0 (incompatible DataFrame top_comedy)
Q2c: 0.00 (incorrect DataFrame top_three_genres 1920-1979. Your answer is for 2000-2022)"
22022298,1.67,"Q22: top_adventure & top_three_genres in 1980-1999
Q2a: 0 (incompatible DataFrame movies)
Q2b: 1.00 ()
Q2c: 0.67 ( -0.33 partially correct DataFrame top_three_genres: it has 9 rows, should be 9 rows, 6 are correct)"
22022308,0.0,"Q22: top_adventure & top_three_genres in 1980-1999
Q2: 0 (code error)"
22018914,1.0,"Q22: top_adventure & top_three_genres in 1980-1999
Q2a: 1.00 ()
Q2b: 0 (incompatible DataFrame top_adventure)
Q2c: 0.00 (incorrect DataFrame top_three_genres 1980-1999. Your answer is for 2000-2022)"
22020952,3.0,"Q23: top_comedy & top_three_genres in 1920-1979
Q2a: 1.00 ()
Q2b: 1.00 ()
Q2c: 1.00 ()"
22021442,3.0,"Q22: top_adventure & top_three_genres in 1980-1999
Q2a: 1.00 ()
Q2b: 1.00 ()
Q2c: 1.00 ()"
22021904,0.95,"Q23: top_comedy & top_three_genres in 1920-1979
Q2a: 0.95 ( -0.05 for 'gross_earning' dtype.)
Q2b: 0 (incompatible DataFrame top_comedy)
Q2c: 0.00 (incorrect DataFrame top_three_genres 1920-1979. Your answer is for 2000-2022)"
22018864,1.0,"Q22: top_adventure & top_three_genres in 1980-1999
Q2a: 1.00 ()
Q2b: 0 (incompatible DataFrame top_adventure)
Q2c: 0.00 (incorrect DataFrame top_three_genres 1980-1999. Your answer is for 2000-2022)"
22023493,3.0,"Q21: top_action & top_three_genres in 2000-2022
Q2a: 1.00 ()
Q2b: 1.00 ()
Q2c: 1.00 ()"
22023695,3.0,"Q22: top_adventure & top_three_genres in 1980-1999
Q2a: 1.00 ()
Q2b: 1.00 ()
Q2c: 1.00 ()"
22018206,3.0,"Q23: top_comedy & top_three_genres in 1920-1979
Q2a: 1.00 ()
Q2b: 1.00 ()
Q2c: 1.00 ()"
22023513,2.67,"Q23: top_comedy & top_three_genres in 1920-1979
Q2a: 1.00 ()
Q2b: 1.00 ()
Q2c: 0.67 ( -0.33 partially correct DataFrame top_three_genres: it has 9 rows, should be 9 rows, 6 are correct)"
22023675,1.9,"Q21: top_action & top_three_genres in 2000-2022
Q2a: 0.90 ( -0.05 for 'year' dtype. -0.05 for 'gross_earning' dtype.)
Q2b: 0 (incompatible DataFrame top_action)
Q2c: 1.00 ()"
22011957,3.0,"Q22: top_adventure & top_three_genres in 1980-1999
Q2a: 1.00 ()
Q2b: 1.00 ()
Q2c: 1.00 ()"
22013137,3.0,"Q23: top_comedy & top_three_genres in 1920-1979
Q2a: 1.00 ()
Q2b: 1.00 ()
Q2c: 1.00 ()"
22021440,3.0,"Q21: top_action & top_three_genres in 2000-2022
Q2a: 1.00 ()
Q2b: 1.00 ()
Q2c: 1.00 ()"
22021887,1.0,"Q21: top_action & top_three_genres in 2000-2022
Q2a: 1.00 ()
Q2b: 0 (incompatible DataFrame top_action)
Q2c: 0 (incompatible DataFrame top_three_genres 2000-2022)"
22022247,3.0,"Q22: top_adventure & top_three_genres in 1980-1999
Q2a: 1.00 ()
Q2b: 1.00 ()
Q2c: 1.00 ()"
22014119,3.0,"Q23: top_comedy & top_three_genres in 1920-1979
Q2a: 1.00 ()
Q2b: 1.00 ()
Q2c: 1.00 ()"
22014780,3.0,"Q23: top_comedy & top_three_genres in 1920-1979
Q2a: 1.00 ()
Q2b: 1.00 ()
Q2c: 1.00 ()"
21053979,1.0,"Q22: top_adventure & top_three_genres in 1980-1999
Q2a: 1.00 ()
Q2b: 0 (incompatible DataFrame top_adventure)
Q2c: 0.00 (incorrect DataFrame top_three_genres 1980-1999. Your answer is for 2000-2022)"
22019686,3.0,"Q23: top_comedy & top_three_genres in 1920-1979
Q2a: 1.00 ()
Q2b: 1.00 ()
Q2c: 1.00 ()"
22021423,3.0,"Q21: top_action & top_three_genres in 2000-2022
Q2a: 1.00 ()
Q2b: 1.00 ()
Q2c: 1.00 ()"
22021651,2.67,"Q23: top_comedy & top_three_genres in 1920-1979
Q2a: 1.00 ()
Q2b: 1.00 ()
Q2c: 0.67 ( -0.33 partially correct DataFrame top_three_genres: it has 9 rows, should be 9 rows, 6 are correct)"
22021986,3.0,"Q22: top_adventure & top_three_genres in 1980-1999
Q2a: 1.00 ()
Q2b: 1.00 ()
Q2c: 1.00 ()"
22022295,1.0,"Q22: top_adventure & top_three_genres in 1980-1999
Q2a: 1.00 ()
Q2b: 0 (incompatible DataFrame top_adventure)
Q2c: 0.00 (incorrect DataFrame top_three_genres 1980-1999. Your answer is for 1920-1979)"
22026479,3.0,"Q21: top_action & top_three_genres in 2000-2022
Q2a: 1.00 ()
Q2b: 1.00 ()
Q2c: 1.00 ()"
22026480,2.0,"Q21: top_action & top_three_genres in 2000-2022
Q2a: 1.00 ()
Q2b: 0 (incompatible DataFrame top_action)
Q2c: 1.00 ()"
22026516,3.0,"Q21: top_action & top_three_genres in 2000-2022
Q2a: 1.00 ()
Q2b: 1.00 ()
Q2c: 1.00 ()"
22016279,3.0,"Q21: top_action & top_three_genres in 2000-2022
Q2a: 1.00 ()
Q2b: 1.00 ()
Q2c: 1.00 ()"
22025724,3.0,"Q21: top_action & top_three_genres in 2000-2022
Q2a: 1.00 ()
Q2b: 1.00 ()
Q2c: 1.00 ()"
22024464,2.67,"Q23: top_comedy & top_three_genres in 1920-1979
Q2a: 1.00 ()
Q2b: 1.00 ()
Q2c: 0.67 ( -0.33 partially correct DataFrame top_three_genres: it has 9 rows, should be 9 rows, 6 are correct)"
16085466,2.0,"Q22: top_adventure & top_three_genres in 1980-1999
Q2a: 0 (incompatible DataFrame movies)
Q2b: 1.00 ()
Q2c: 1.00 ()"
18001761,3.0,"Q21: top_action & top_three_genres in 2000-2022
Q2a: 1.00 ()
Q2b: 1.00 ()
Q2c: 1.00 ()"
22027487,3.0,"Q21: top_action & top_three_genres in 2000-2022
Q2a: 1.00 ()
Q2b: 1.00 ()
Q2c: 1.00 ()"
22026785,3.0,"Q21: top_action & top_three_genres in 2000-2022
Q2a: 1.00 ()
Q2b: 1.00 ()
Q2c: 1.00 ()"
22026954,3.0,"Q21: top_action & top_three_genres in 2000-2022
Q2a: 1.00 ()
Q2b: 1.00 ()
Q2c: 1.00 ()"
22023287,3.0,"Q23: top_comedy & top_three_genres in 1920-1979
Q2a: 1.00 ()
Q2b: 1.00 ()
Q2c: 1.00 ()"
22015946,2.95,"Q23: top_comedy & top_three_genres in 1920-1979
Q2a: 0.95 ( -0.05 for 'gross_earning' dtype.)
Q2b: 1.00 ()
Q2c: 1.00 ()"
22014197,2.9,"Q22: top_adventure & top_three_genres in 1980-1999
Q2a: 0.90 ( -0.05 for 'year' dtype. -0.05 for 'gross_earning' dtype.)
Q2b: 1.00 ()
Q2c: 1.00 ()"
22027918,2.95,"Q21: top_action & top_three_genres in 2000-2022
Q2a: 0.95 ( -0.05 for 'gross_earning' dtype.)
Q2b: 1.00 ()
Q2c: 1.00 ()"
22018731,2.0,"Q21: top_action & top_three_genres in 2000-2022
Q2a: 1.00 ()
Q2b: 0 (incompatible DataFrame top_action)
Q2c: 1.00 ()"
22019461,3.0,"Q21: top_action & top_three_genres in 2000-2022
Q2a: 1.00 ()
Q2b: 1.00 ()
Q2c: 1.00 ()"
22020190,2.16,"Q22: top_adventure & top_three_genres in 1980-1999
Q2a: 1.00 ()
Q2b: 0.60 ( -0.4 for partially correct DataFrame top_adventure: it has 5 rows, should be 40 rows, 5 are correct)
Q2c: 0.56 ( -0.44 partially correct DataFrame top_three_genres: it has 5 rows, should be 9 rows, 5 are correct)"
22024637,3.0,"Q23: top_comedy & top_three_genres in 1920-1979
Q2a: 1.00 ()
Q2b: 1.00 ()
Q2c: 1.00 ()"
22024816,2.9,"Q21: top_action & top_three_genres in 2000-2022
Q2a: 0.90 ( -0.05 for 'year' dtype. -0.05 for 'gross_earning' dtype.)
Q2b: 1.00 ()
Q2c: 1.00 ()"
22024927,3.0,"Q23: top_comedy & top_three_genres in 1920-1979
Q2a: 1.00 ()
Q2b: 1.00 ()
Q2c: 1.00 ()"
22028211,0.0,"Q22: top_adventure & top_three_genres in 1980-1999
Q2: 0 (code error)"
22028339,0.0,"Q23: top_comedy & top_three_genres in 1920-1979
Q2: 0 (code error)"
22029346,0.0,"Q22: top_adventure & top_three_genres in 1980-1999
Q2: 0 (code error)"
22028088,0.0,"Q22: top_adventure & top_three_genres in 1980-1999
Q2: 0 (code error)"
22013145,3.0,"Q23: top_comedy & top_three_genres in 1920-1979
Q2a: 1.00 ()
Q2b: 1.00 ()
Q2c: 1.00 ()"
22013012,2.67,"Q23: top_comedy & top_three_genres in 1920-1979
Q2a: 1.00 ()
Q2b: 1.00 ()
Q2c: 0.67 ( -0.33 partially correct DataFrame top_three_genres: it has 9 rows, should be 9 rows, 6 are correct)"
22019746,3.0,"Q21: top_action & top_three_genres in 2000-2022
Q2a: 1.00 ()
Q2b: 1.00 ()
Q2c: 1.00 ()"
22024041,2.0,"Q21: top_action & top_three_genres in 2000-2022
Q2a: 1.00 ()
Q2b: 1.00 ()
Q2c: 0.00 (incorrect DataFrame top_three_genres 2000-2022. Your answer is for 1920-1979)"
22029959,3.0,"Q22: top_adventure & top_three_genres in 1980-1999
Q2a: 1.00 ()
Q2b: 1.00 ()
Q2c: 1.00 ()"
22030494,3.0,"Q21: top_action & top_three_genres in 2000-2022
Q2a: 1.00 ()
Q2b: 1.00 ()
Q2c: 1.00 ()"
22030629,3.0,"Q22: top_adventure & top_three_genres in 1980-1999
Q2a: 1.00 ()
Q2b: 1.00 ()
Q2c: 1.00 ()"
22030277,2.0,"Q21: top_action & top_three_genres in 2000-2022
Q2a: 1.00 ()
Q2b: 1.00 ()
Q2c: 0.00 (incorrect DataFrame top_three_genres 2000-2022. Your answer is for 1920-1979)"
22028117,3.0,"Q23: top_comedy & top_three_genres in 1920-1979
Q2a: 1.00 ()
Q2b: 1.00 ()
Q2c: 1.00 ()"
21059972,3.0,"Q21: top_action & top_three_genres in 2000-2022
Q2a: 1.00 ()
Q2b: 1.00 ()
Q2c: 1.00 ()"
21080409,3.0,"Q22: top_adventure & top_three_genres in 1980-1999
Q2a: 1.00 ()
Q2b: 1.00 ()
Q2c: 1.00 ()"
21090263,3.0,"Q21: top_action & top_three_genres in 2000-2022
Q2a: 1.00 ()
Q2b: 1.00 ()
Q2c: 1.00 ()"
22010606,1.0,"Q22: top_adventure & top_three_genres in 1980-1999
Q2a: 1.00 ()
Q2b: 0 (incompatible DataFrame top_adventure)
Q2c: 0.00 (incorrect DataFrame top_three_genres 1980-1999. Your answer is for 2000-2022)"
22017391,3.0,"Q21: top_action & top_three_genres in 2000-2022
Q2a: 1.00 ()
Q2b: 1.00 ()
Q2c: 1.00 ()"
22020227,3.0,"Q23: top_comedy & top_three_genres in 1920-1979
Q2a: 1.00 ()
Q2b: 1.00 ()
Q2c: 1.00 ()"
22027116,2.67,"Q22: top_adventure & top_three_genres in 1980-1999
Q2a: 1.00 ()
Q2b: 1.00 ()
Q2c: 0.67 ( -0.33 partially correct DataFrame top_three_genres: it has 9 rows, should be 9 rows, 6 are correct)"
22027179,0.0,"Q22: top_adventure & top_three_genres in 1980-1999
Q2: 0 (code error)"
22031916,3.0,"Q21: top_action & top_three_genres in 2000-2022
Q2a: 1.00 ()
Q2b: 1.00 ()
Q2c: 1.00 ()"
22013306,3.0,"Q22: top_adventure & top_three_genres in 1980-1999
Q2a: 1.00 ()
Q2b: 1.00 ()
Q2c: 1.00 ()"
22019388,2.6,"Q21: top_action & top_three_genres in 2000-2022
Q2a: 1.00 ()
Q2b: 0.60 ( -0.4 for partially correct DataFrame top_action: it has 55 rows, should be 54 rows, 33 are correct)
Q2c: 1.00 ()"
22031216,0.0,"Q22: top_adventure & top_three_genres in 1980-1999
Q2: 0 (code error)"
22030006,1.0,"Q22: top_adventure & top_three_genres in 1980-1999
Q2a: 1.00 ()
Q2b: 0 (incompatible DataFrame top_adventure)
Q2c: 0.00 (incorrect DataFrame top_three_genres 1980-1999. Your answer is for 2000-2022)"
22030246,3.0,"Q23: top_comedy & top_three_genres in 1920-1979
Q2a: 1.00 ()
Q2b: 1.00 ()
Q2c: 1.00 ()"
22029887,3.0,"Q21: top_action & top_three_genres in 2000-2022
Q2a: 1.00 ()
Q2b: 1.00 ()
Q2c: 1.00 ()"
22030978,3.0,"Q21: top_action & top_three_genres in 2000-2022
Q2a: 1.00 ()
Q2b: 1.00 ()
Q2c: 1.00 ()"
22031651,0.0,"Q21: top_action & top_three_genres in 2000-2022
Q2: 0 (code error)"
22014212,2.9,"Q23: top_comedy & top_three_genres in 1920-1979
Q2a: 0.90 ( -0.05 for 'year' dtype. -0.05 for 'gross_earning' dtype.)
Q2b: 1.00 ()
Q2c: 1.00 ()"
22030441,3.0,"Q22: top_adventure & top_three_genres in 1980-1999
Q2a: 1.00 ()
Q2b: 1.00 ()
Q2c: 1.00 ()"
22031825,2.6,"Q21: top_action & top_three_genres in 2000-2022
Q2a: 1.00 ()
Q2b: 0.60 ( -0.4 for partially correct DataFrame top_action: it has 54 rows, should be 54 rows, 34 are correct)
Q2c: 1.00 ()"
22024044,0.0,"Q21: top_action & top_three_genres in 2000-2022
Q2: 0 (code error)"
22027731,3.0,"Q22: top_adventure & top_three_genres in 1980-1999
Q2a: 1.00 ()
Q2b: 1.00 ()
Q2c: 1.00 ()"
22028322,3.0,"Q23: top_comedy & top_three_genres in 1920-1979
Q2a: 1.00 ()
Q2b: 1.00 ()
Q2c: 1.00 ()"
22029348,2.67,"Q23: top_comedy & top_three_genres in 1920-1979
Q2a: 1.00 ()
Q2b: 1.00 ()
Q2c: 0.67 ( -0.33 partially correct DataFrame top_three_genres: it has 9 rows, should be 9 rows, 6 are correct)"
22029940,0.0,"Q22: top_adventure & top_three_genres in 1980-1999
Q2: 0 (code error)"
22030995,3.0,"Q23: top_comedy & top_three_genres in 1920-1979
Q2a: 1.00 ()
Q2b: 1.00 ()
Q2c: 1.00 ()"
22031115,3.0,"Q21: top_action & top_three_genres in 2000-2022
Q2a: 1.00 ()
Q2b: 1.00 ()
Q2c: 1.00 ()"
22031328,3.0,"Q22: top_adventure & top_three_genres in 1980-1999
Q2a: 1.00 ()
Q2b: 1.00 ()
Q2c: 1.00 ()"
22031386,3.0,"Q23: top_comedy & top_three_genres in 1920-1979
Q2a: 1.00 ()
Q2b: 1.00 ()
Q2c: 1.00 ()"
22031471,3.0,"Q22: top_adventure & top_three_genres in 1980-1999
Q2a: 1.00 ()
Q2b: 1.00 ()
Q2c: 1.00 ()"
22018497,1.93,"Q23: top_comedy & top_three_genres in 1920-1979
Q2a: 1.00 ()
Q2b: 0.60 ( -0.4 for partially correct DataFrame top_comedy: it has 60 rows, should be 60 rows, 41 are correct)
Q2c: 0.33 ( -0.67 partially correct DataFrame top_three_genres: it has 9 rows, should be 9 rows, 3 are correct)"
22022717,3.0,"Q21: top_action & top_three_genres in 2000-2022
Q2a: 1.00 ()
Q2b: 1.00 ()
Q2c: 1.00 ()"
21032372,3.0,"Q22: top_adventure & top_three_genres in 1980-1999
Q2a: 1.00 ()
Q2b: 1.00 ()
Q2c: 1.00 ()"
21094285,3.0,"Q22: top_adventure & top_three_genres in 1980-1999
Q2a: 1.00 ()
Q2b: 1.00 ()
Q2c: 1.00 ()"
22015151,3.0,"Q21: top_action & top_three_genres in 2000-2022
Q2a: 1.00 ()
Q2b: 1.00 ()
Q2c: 1.00 ()"
22032880,3.0,"Q21: top_action & top_three_genres in 2000-2022
Q2a: 1.00 ()
Q2b: 1.00 ()
Q2c: 1.00 ()"
22032229,3.0,"Q21: top_action & top_three_genres in 2000-2022
Q2a: 1.00 ()
Q2b: 1.00 ()
Q2c: 1.00 ()"
22033166,3.0,"Q21: top_action & top_three_genres in 2000-2022
Q2a: 1.00 ()
Q2b: 1.00 ()
Q2c: 1.00 ()"
22019057,3.0,"Q22: top_adventure & top_three_genres in 1980-1999
Q2a: 1.00 ()
Q2b: 1.00 ()
Q2c: 1.00 ()"
22019181,3.0,"Q22: top_adventure & top_three_genres in 1980-1999
Q2a: 1.00 ()
Q2b: 1.00 ()
Q2c: 1.00 ()"
22019717,1.93,"Q23: top_comedy & top_three_genres in 1920-1979
Q2a: 1.00 ()
Q2b: 0.60 ( -0.4 for partially correct DataFrame top_comedy: it has 61 rows, should be 60 rows, 42 are correct)
Q2c: 0.33 ( -0.67 partially correct DataFrame top_three_genres: it has 9 rows, should be 9 rows, 3 are correct)"
22019954,3.0,"Q21: top_action & top_three_genres in 2000-2022
Q2a: 1.00 ()
Q2b: 1.00 ()
Q2c: 1.00 ()"
22022407,3.0,"Q21: top_action & top_three_genres in 2000-2022
Q2a: 1.00 ()
Q2b: 1.00 ()
Q2c: 1.00 ()"
22031457,3.0,"Q22: top_adventure & top_three_genres in 1980-1999
Q2a: 1.00 ()
Q2b: 1.00 ()
Q2c: 1.00 ()"
22023817,2.67,"Q23: top_comedy & top_three_genres in 1920-1979
Q2a: 1.00 ()
Q2b: 1.00 ()
Q2c: 0.67 ( -0.33 partially correct DataFrame top_three_genres: it has 9 rows, should be 9 rows, 6 are correct)"
22024053,3.0,"Q23: top_comedy & top_three_genres in 1920-1979
Q2a: 1.00 ()
Q2b: 1.00 ()
Q2c: 1.00 ()"
22031931,3.0,"Q21: top_action & top_three_genres in 2000-2022
Q2a: 1.00 ()
Q2b: 1.00 ()
Q2c: 1.00 ()"
22024186,3.0,"Q22: top_adventure & top_three_genres in 1980-1999
Q2a: 1.00 ()
Q2b: 1.00 ()
Q2c: 1.00 ()"
22026376,3.0,"Q22: top_adventure & top_three_genres in 1980-1999
Q2a: 1.00 ()
Q2b: 1.00 ()
Q2c: 1.00 ()"
22027875,3.0,"Q22: top_adventure & top_three_genres in 1980-1999
Q2a: 1.00 ()
Q2b: 1.00 ()
Q2c: 1.00 ()"
22029582,1.0,"Q22: top_adventure & top_three_genres in 1980-1999
Q2a: 1.00 ()
Q2b: 0 (incompatible DataFrame top_adventure)
Q2c: 0.00 (incorrect DataFrame top_three_genres 1980-1999. Your answer is for 2000-2022)"
22030230,3.0,"Q22: top_adventure & top_three_genres in 1980-1999
Q2a: 1.00 ()
Q2b: 1.00 ()
Q2c: 1.00 ()"
22031006,3.0,"Q21: top_action & top_three_genres in 2000-2022
Q2a: 1.00 ()
Q2b: 1.00 ()
Q2c: 1.00 ()"
22001928,2.9,"Q22: top_adventure & top_three_genres in 1980-1999
Q2a: 0.90 ( -0.05 for 'year' dtype. -0.05 for 'gross_earning' dtype.)
Q2b: 1.00 ()
Q2c: 1.00 ()"
22032987,3.0,"Q21: top_action & top_three_genres in 2000-2022
Q2a: 1.00 ()
Q2b: 1.00 ()
Q2c: 1.00 ()"
22033690,2.95,"Q22: top_adventure & top_three_genres in 1980-1999
Q2a: 0.95 ( -0.05 for 'gross_earning' dtype.)
Q2b: 1.00 ()
Q2c: 1.00 ()"
22033731,3.0,"Q23: top_comedy & top_three_genres in 1920-1979
Q2a: 1.00 ()
Q2b: 1.00 ()
Q2c: 1.00 ()"
22013369,3.0,"Q21: top_action & top_three_genres in 2000-2022
Q2a: 1.00 ()
Q2b: 1.00 ()
Q2c: 1.00 ()"
22033054,3.0,"Q23: top_comedy & top_three_genres in 1920-1979
Q2a: 1.00 ()
Q2b: 1.00 ()
Q2c: 1.00 ()"
22033074,0.0,"Q21: top_action & top_three_genres in 2000-2022
Q2: 0 (code error)"
22033469,3.0,"Q21: top_action & top_three_genres in 2000-2022
Q2a: 1.00 ()
Q2b: 1.00 ()
Q2c: 1.00 ()"
22033029,3.0,"Q21: top_action & top_three_genres in 2000-2022
Q2a: 1.00 ()
Q2b: 1.00 ()
Q2c: 1.00 ()"
22033310,2.0,"Q21: top_action & top_three_genres in 2000-2022
Q2a: 1.00 ()
Q2b: 0 (incompatible DataFrame top_action)
Q2c: 1.00 ()"
22032994,0.0,No submission
22032995,3.0,"Q23: top_comedy & top_three_genres in 1920-1979
Q2a: 1.00 ()
Q2b: 1.00 ()
Q2c: 1.00 ()"
22033008,3.0,"Q21: top_action & top_three_genres in 2000-2022
Q2a: 1.00 ()
Q2b: 1.00 ()
Q2c: 1.00 ()"
21082679,0.0,"Q23: top_comedy & top_three_genres in 1920-1979
Q2: 0 (code error)"
22017251,0.0,"Q23: top_comedy & top_three_genres in 1920-1979
Q2: 0 (code error)"
22020862,2.95,"Q23: top_comedy & top_three_genres in 1920-1979
Q2a: 0.95 ( -0.05 for 'gross_earning' dtype.)
Q2b: 1.00 ()
Q2c: 1.00 ()"
22021169,2.67,"Q23: top_comedy & top_three_genres in 1920-1979
Q2a: 1.00 ()
Q2b: 1.00 ()
Q2c: 0.67 ( -0.33 partially correct DataFrame top_three_genres: it has 9 rows, should be 9 rows, 6 are correct)"
22027065,3.0,"Q21: top_action & top_three_genres in 2000-2022
Q2a: 1.00 ()
Q2b: 1.00 ()
Q2c: 1.00 ()"
22028166,0.0,"Q22: top_adventure & top_three_genres in 1980-1999
Q2: 0 (code error)"
22028171,2.9,"Q22: top_adventure & top_three_genres in 1980-1999
Q2a: 0.90 ( -0.05 for 'year' dtype. -0.05 for 'gross_earning' dtype.)
Q2b: 1.00 ()
Q2c: 1.00 ()"
22032245,3.0,"Q23: top_comedy & top_three_genres in 1920-1979
Q2a: 1.00 ()
Q2b: 1.00 ()
Q2c: 1.00 ()"
22032813,3.0,"Q22: top_adventure & top_three_genres in 1980-1999
Q2a: 1.00 ()
Q2b: 1.00 ()
Q2c: 1.00 ()"
22032815,2.67,"Q23: top_comedy & top_three_genres in 1920-1979
Q2a: 1.00 ()
Q2b: 1.00 ()
Q2c: 0.67 ( -0.33 partially correct DataFrame top_three_genres: it has 9 rows, should be 9 rows, 6 are correct)"
22033973,3.0,"Q23: top_comedy & top_three_genres in 1920-1979
Q2a: 1.00 ()
Q2b: 1.00 ()
Q2c: 1.00 ()"
22030643,2.67,"Q23: top_comedy & top_three_genres in 1920-1979
Q2a: 1.00 ()
Q2b: 1.00 ()
Q2c: 0.67 ( -0.33 partially correct DataFrame top_three_genres: it has 9 rows, should be 9 rows, 6 are correct)"
22032354,3.0,"Q23: top_comedy & top_three_genres in 1920-1979
Q2a: 1.00 ()
Q2b: 1.00 ()
Q2c: 1.00 ()"
22010726,0.0,"Q22: top_adventure & top_three_genres in 1980-1999
Q2: 0 (code error)"
22025077,3.0,"Q21: top_action & top_three_genres in 2000-2022
Q2a: 1.00 ()
Q2b: 1.00 ()
Q2c: 1.00 ()"
22033170,3.0,"Q21: top_action & top_three_genres in 2000-2022
Q2a: 1.00 ()
Q2b: 1.00 ()
Q2c: 1.00 ()"
22031451,3.0,"Q23: top_comedy & top_three_genres in 1920-1979
Q2a: 1.00 ()
Q2b: 1.00 ()
Q2c: 1.00 ()"
22018185,3.0,"Q21: top_action & top_three_genres in 2000-2022
Q2a: 1.00 ()
Q2b: 1.00 ()
Q2c: 1.00 ()"
22022321,3.0,"Q23: top_comedy & top_three_genres in 1920-1979
Q2a: 1.00 ()
Q2b: 1.00 ()
Q2c: 1.00 ()"
21089515,3.0,"Q23: top_comedy & top_three_genres in 1920-1979
Q2a: 1.00 ()
Q2b: 1.00 ()
Q2c: 1.00 ()"
22010815,3.0,"Q21: top_action & top_three_genres in 2000-2022
Q2a: 1.00 ()
Q2b: 1.00 ()
Q2c: 1.00 ()"
22010955,3.0,"Q21: top_action & top_three_genres in 2000-2022
Q2a: 1.00 ()
Q2b: 1.00 ()
Q2c: 1.00 ()"
22013771,3.0,"Q22: top_adventure & top_three_genres in 1980-1999
Q2a: 1.00 ()
Q2b: 1.00 ()
Q2c: 1.00 ()"
22031619,3.0,"Q23: top_comedy & top_three_genres in 1920-1979
Q2a: 1.00 ()
Q2b: 1.00 ()
Q2c: 1.00 ()"
22033511,3.0,"Q21: top_action & top_three_genres in 2000-2022
Q2a: 1.00 ()
Q2b: 1.00 ()
Q2c: 1.00 ()"
22033934,3.0,"Q22: top_adventure & top_three_genres in 1980-1999
Q2a: 1.00 ()
Q2b: 1.00 ()
Q2c: 1.00 ()"
22034116,3.0,"Q21: top_action & top_three_genres in 2000-2022
Q2a: 1.00 ()
Q2b: 1.00 ()
Q2c: 1.00 ()"
22034351,3.0,"Q22: top_adventure & top_three_genres in 1980-1999
Q2a: 1.00 ()
Q2b: 1.00 ()
Q2c: 1.00 ()"
22031426,3.0,"Q23: top_comedy & top_three_genres in 1920-1979
Q2a: 1.00 ()
Q2b: 1.00 ()
Q2c: 1.00 ()"
22027370,2.67,"Q23: top_comedy & top_three_genres in 1920-1979
Q2a: 1.00 ()
Q2b: 1.00 ()
Q2c: 0.67 ( -0.33 partially correct DataFrame top_three_genres: it has 9 rows, should be 9 rows, 6 are correct)"
22030848,2.67,"Q22: top_adventure & top_three_genres in 1980-1999
Q2a: 1.00 ()
Q2b: 1.00 ()
Q2c: 0.67 ( -0.33 partially correct DataFrame top_three_genres: it has 9 rows, should be 9 rows, 6 are correct)"
22022080,0.0,No submission
22024193,2.67,"Q23: top_comedy & top_three_genres in 1920-1979
Q2a: 1.00 ()
Q2b: 1.00 ()
Q2c: 0.67 ( -0.33 partially correct DataFrame top_three_genres: it has 9 rows, should be 9 rows, 6 are correct)"
22024306,3.0,"Q21: top_action & top_three_genres in 2000-2022
Q2a: 1.00 ()
Q2b: 1.00 ()
Q2c: 1.00 ()"
22000481,2.67,"Q23: top_comedy & top_three_genres in 1920-1979
Q2a: 1.00 ()
Q2b: 1.00 ()
Q2c: 0.67 ( -0.33 partially correct DataFrame top_three_genres: it has 9 rows, should be 9 rows, 6 are correct)"
22020699,2.67,"Q23: top_comedy & top_three_genres in 1920-1979
Q2a: 1.00 ()
Q2b: 1.00 ()
Q2c: 0.67 ( -0.33 partially correct DataFrame top_three_genres: it has 9 rows, should be 9 rows, 6 are correct)"
22026993,3.0,"Q22: top_adventure & top_three_genres in 1980-1999
Q2a: 1.00 ()
Q2b: 1.00 ()
Q2c: 1.00 ()"
22013347,2.67,"Q22: top_adventure & top_three_genres in 1980-1999
Q2a: 1.00 ()
Q2b: 1.00 ()
Q2c: 0.67 ( -0.33 partially correct DataFrame top_three_genres: it has 9 rows, should be 9 rows, 6 are correct)"
21061906,3.0,"Q21: top_action & top_three_genres in 2000-2022
Q2a: 1.00 ()
Q2b: 1.00 ()
Q2c: 1.00 ()"
22036334,0.0,"Q23: top_comedy & top_three_genres in 1920-1979
Q2: 0 (code error)"
22014216,3.0,"Q23: top_comedy & top_three_genres in 1920-1979
Q2a: 1.00 ()
Q2b: 1.00 ()
Q2c: 1.00 ()"
22026244,3.0,"Q23: top_comedy & top_three_genres in 1920-1979
Q2a: 1.00 ()
Q2b: 1.00 ()
Q2c: 1.00 ()"
22031645,3.0,"Q21: top_action & top_three_genres in 2000-2022
Q2a: 1.00 ()
Q2b: 1.00 ()
Q2c: 1.00 ()"
22024161,2.67,"Q23: top_comedy & top_three_genres in 1920-1979
Q2a: 1.00 ()
Q2b: 1.00 ()
Q2c: 0.67 ( -0.33 partially correct DataFrame top_three_genres: it has 9 rows, should be 9 rows, 6 are correct)"
22032127,2.9,"Q22: top_adventure & top_three_genres in 1980-1999
Q2a: 0.90 ( -0.05 for 'year' dtype. -0.05 for 'gross_earning' dtype.)
Q2b: 1.00 ()
Q2c: 1.00 ()"
22034665,2.67,"Q22: top_adventure & top_three_genres in 1980-1999
Q2a: 1.00 ()
Q2b: 1.00 ()
Q2c: 0.67 ( -0.33 partially correct DataFrame top_three_genres: it has 9 rows, should be 9 rows, 6 are correct)"
22036166,3.0,"Q22: top_adventure & top_three_genres in 1980-1999
Q2a: 1.00 ()
Q2b: 1.00 ()
Q2c: 1.00 ()"
22036785,3.0,"Q22: top_adventure & top_three_genres in 1980-1999
Q2a: 1.00 ()
Q2b: 1.00 ()
Q2c: 1.00 ()"
22033009,3.0,"Q21: top_action & top_three_genres in 2000-2022
Q2a: 1.00 ()
Q2b: 1.00 ()
Q2c: 1.00 ()"
22033606,0.0,"Q21: top_action & top_three_genres in 2000-2022
Q2: 0 (code error)"
22023879,2.67,"Q23: top_comedy & top_three_genres in 1920-1979
Q2a: 1.00 ()
Q2b: 1.00 ()
Q2c: 0.67 ( -0.33 partially correct DataFrame top_three_genres: it has 9 rows, should be 9 rows, 6 are correct)"
22028852,3.0,"Q22: top_adventure & top_three_genres in 1980-1999
Q2a: 1.00 ()
Q2b: 1.00 ()
Q2c: 1.00 ()"
22020732,3.0,"Q22: top_adventure & top_three_genres in 1980-1999
Q2a: 1.00 ()
Q2b: 1.00 ()
Q2c: 1.00 ()"
22022447,3.0,"Q23: top_comedy & top_three_genres in 1920-1979
Q2a: 1.00 ()
Q2b: 1.00 ()
Q2c: 1.00 ()"
22031077,3.0,"Q21: top_action & top_three_genres in 2000-2022
Q2a: 1.00 ()
Q2b: 1.00 ()
Q2c: 1.00 ()"
22031854,3.0,"Q21: top_action & top_three_genres in 2000-2022
Q2a: 1.00 ()
Q2b: 1.00 ()
Q2c: 1.00 ()"
22033095,2.9,"Q21: top_action & top_three_genres in 2000-2022
Q2a: 0.90 ( -0.05 for 'year' dtype. -0.05 for 'gross_earning' dtype.)
Q2b: 1.00 ()
Q2c: 1.00 ()"
22033191,2.9,"Q22: top_adventure & top_three_genres in 1980-1999
Q2a: 0.90 ( -0.05 for 'year' dtype. -0.05 for 'gross_earning' dtype.)
Q2b: 1.00 ()
Q2c: 1.00 ()"
22023213,2.0,"Q21: top_action & top_three_genres in 2000-2022
Q2a: 1.00 ()
Q2b: 1.00 ()
Q2c: 0.00 (incorrect DataFrame top_three_genres 2000-2022. Your answer is for 1980-1999)"
22030390,3.0,"Q22: top_adventure & top_three_genres in 1980-1999
Q2a: 1.00 ()
Q2b: 1.00 ()
Q2c: 1.00 ()"
21032283,3.0,"Q21: top_action & top_three_genres in 2000-2022
Q2a: 1.00 ()
Q2b: 1.00 ()
Q2c: 1.00 ()"
22034552,3.0,"Q21: top_action & top_three_genres in 2000-2022
Q2a: 1.00 ()
Q2b: 1.00 ()
Q2c: 1.00 ()"
22010553,3.0,"Q21: top_action & top_three_genres in 2000-2022
Q2a: 1.00 ()
Q2b: 1.00 ()
Q2c: 1.00 ()"
22032658,0.95,"Q23: top_comedy & top_three_genres in 1920-1979
Q2a: 0.95 ( -0.05 for 'gross_earning' dtype.)
Q2b: 0 (incompatible DataFrame top_comedy)
Q2c: 0.00 (incorrect DataFrame top_three_genres 1920-1979. Your answer is for 2000-2022)"
22034095,2.6,"Q23: top_comedy & top_three_genres in 1920-1979
Q2a: 1.00 ()
Q2b: 0.60 ( -0.4 for partially correct DataFrame top_comedy: it has 21 rows, should be 60 rows, 21 are correct)
Q2c: 1.00 ()"
9264953,2.67,"Q23: top_comedy & top_three_genres in 1920-1979
Q2a: 1.00 ()
Q2b: 1.00 ()
Q2c: 0.67 ( -0.33 partially correct DataFrame top_three_genres: it has 9 rows, should be 9 rows, 6 are correct)"
22013821,3.0,"Q21: top_action & top_three_genres in 2000-2022
Q2a: 1.00 ()
Q2b: 1.00 ()
Q2c: 1.00 ()"
22033683,2.95,"Q22: top_adventure & top_three_genres in 1980-1999
Q2a: 0.95 ( -0.05 for 'gross_earning' dtype.)
Q2b: 1.00 ()
Q2c: 1.00 ()"
22034204,3.0,"Q22: top_adventure & top_three_genres in 1980-1999
Q2a: 1.00 ()
Q2b: 1.00 ()
Q2c: 1.00 ()"
22009281,3.0,"Q21: top_action & top_three_genres in 2000-2022
Q2a: 1.00 ()
Q2b: 1.00 ()
Q2c: 1.00 ()"
22033745,3.0,"Q22: top_adventure & top_three_genres in 1980-1999
Q2a: 1.00 ()
Q2b: 1.00 ()
Q2c: 1.00 ()"
22033688,0.0,"Q22: top_adventure & top_three_genres in 1980-1999
Q2: 0 (code error)"
22004878,1.6,"Q23: top_comedy & top_three_genres in 1920-1979
Q2a: 1.00 ()
Q2b: 0.60 ( -0.4 for partially correct DataFrame top_comedy: it has 61 rows, should be 60 rows, 42 are correct)
Q2c: 0 (incompatible DataFrame top_three_genres 1920-1979)"
22035405,3.0,"Q21: top_action & top_three_genres in 2000-2022
Q2a: 1.00 ()
Q2b: 1.00 ()
Q2c: 1.00 ()"
22034845,3.0,"Q22: top_adventure & top_three_genres in 1980-1999
Q2a: 1.00 ()
Q2b: 1.00 ()
Q2c: 1.00 ()"
22034202,3.0,"Q23: top_comedy & top_three_genres in 1920-1979
Q2a: 1.00 ()
Q2b: 1.00 ()
Q2c: 1.00 ()"
22035088,3.0,"Q21: top_action & top_three_genres in 2000-2022
Q2a: 1.00 ()
Q2b: 1.00 ()
Q2c: 1.00 ()"
22030331,3.0,"Q23: top_comedy & top_three_genres in 1920-1979
Q2a: 1.00 ()
Q2b: 1.00 ()
Q2c: 1.00 ()"
22033815,3.0,"Q22: top_adventure & top_three_genres in 1980-1999
Q2a: 1.00 ()
Q2b: 1.00 ()
Q2c: 1.00 ()"
21090741,0.0,"Q21: top_action & top_three_genres in 2000-2022
Q2a: 0 (incompatible DataFrame movies)
Q2b: 0 (incompatible DataFrame top_action)
Q2c: 0.00 (incorrect DataFrame top_three_genres 2000-2022. Your answer is for 1980-1999)"
22035083,0.0,"Q22: top_adventure & top_three_genres in 1980-1999
Q2: 0 (code error)"
22033769,3.0,"Q22: top_adventure & top_three_genres in 1980-1999
Q2a: 1.00 ()
Q2b: 1.00 ()
Q2c: 1.00 ()"
22030582,0.0,"Q22: top_adventure & top_three_genres in 1980-1999
Q2: 0 (code error)"
22035573,3.0,"Q23: top_comedy & top_three_genres in 1920-1979
Q2a: 1.00 ()
Q2b: 1.00 ()
Q2c: 1.00 ()"
22033063,0.0,"Q21: top_action & top_three_genres in 2000-2022
Q2: 0 (code error)"
21084622,3.0,"Q22: top_adventure & top_three_genres in 1980-1999
Q2a: 1.00 ()
Q2b: 1.00 ()
Q2c: 1.00 ()"
22037101,3.0,"Q21: top_action & top_three_genres in 2000-2022
Q2a: 1.00 ()
Q2b: 1.00 ()
Q2c: 1.00 ()"
22033473,0.0,No submission
22034785,2.9,"Q22: top_adventure & top_three_genres in 1980-1999
Q2a: 0.90 ( -0.05 for 'year' dtype. -0.05 for 'gross_earning' dtype.)
Q2b: 1.00 ()
Q2c: 1.00 ()"
22031359,3.0,"Q22: top_adventure & top_three_genres in 1980-1999
Q2a: 1.00 ()
Q2b: 1.00 ()
Q2c: 1.00 ()"
22033174,3.0,"Q21: top_action & top_three_genres in 2000-2022
Q2a: 1.00 ()
Q2b: 1.00 ()
Q2c: 1.00 ()"
22033782,2.9,"Q23: top_comedy & top_three_genres in 1920-1979
Q2a: 0.90 ( -0.05 for 'year' dtype. -0.05 for 'gross_earning' dtype.)
Q2b: 1.00 ()
Q2c: 1.00 ()"
22032918,2.67,"Q23: top_comedy & top_three_genres in 1920-1979
Q2a: 1.00 ()
Q2b: 1.00 ()
Q2c: 0.67 ( -0.33 partially correct DataFrame top_three_genres: it has 9 rows, should be 9 rows, 6 are correct)"
22024022,3.0,"Q23: top_comedy & top_three_genres in 1920-1979
Q2a: 1.00 ()
Q2b: 1.00 ()
Q2c: 1.00 ()"
22035079,3.0,"Q23: top_comedy & top_three_genres in 1920-1979
Q2a: 1.00 ()
Q2b: 1.00 ()
Q2c: 1.00 ()"
22036904,2.0,"Q21: top_action & top_three_genres in 2000-2022
Q2a: 1.00 ()
Q2b: 1.00 ()
Q2c: 0.00 (incorrect DataFrame top_three_genres 2000-2022. Your answer is for 1980-1999)"
22035013,3.0,"Q23: top_comedy & top_three_genres in 1920-1979
Q2a: 1.00 ()
Q2b: 1.00 ()
Q2c: 1.00 ()"
22033605,2.0,"Q23: top_comedy & top_three_genres in 1920-1979
Q2a: 1.00 ()
Q2b: 1.00 ()
Q2c: 0.00 (incorrect DataFrame top_three_genres 1920-1979. Your answer is for 1980-1999)"
22024560,3.0,"Q21: top_action & top_three_genres in 2000-2022
Q2a: 1.00 ()
Q2b: 1.00 ()
Q2c: 1.00 ()"
22014223,3.0,"Q21: top_action & top_three_genres in 2000-2022
Q2a: 1.00 ()
Q2b: 1.00 ()
Q2c: 1.00 ()"
22026155,1.0,"Q21: top_action & top_three_genres in 2000-2022
Q2a: 1.00 ()
Q2b: 0 (incompatible DataFrame top_action)
Q2c: 0.00 (incorrect DataFrame top_three_genres 2000-2022. Your answer is for 1980-1999)"
22033502,2.67,"Q23: top_comedy & top_three_genres in 1920-1979
Q2a: 1.00 ()
Q2b: 1.00 ()
Q2c: 0.67 ( -0.33 partially correct DataFrame top_three_genres: it has 9 rows, should be 9 rows, 6 are correct)"
22041881,3.0,"Q22: top_adventure & top_three_genres in 1980-1999
Q2a: 1.00 ()
Q2b: 1.00 ()
Q2c: 1.00 ()"
